Designator,Mid X,Mid Y,Rotation,Layer
C1,135.857903,-104.923864,225.0,top
C2,136.619903,-105.685864,225.0,top
C4,138.397903,-105.664,270.0,top
C5,134.841903,-106.701864,45.0,top
J1,190.246,-104.14,0.0,top
R1,136.398,-102.616,180.0,top
R2,137.414,-103.632,180.0,top
R3,135.382,-101.6,180.0,top
U1,132.08,-104.14,45.0,top
